{"cameraMode":{"drawMode":0,"name":"Shaded","section":"Shading Mode"},"sceneLighting":false,"audioPlay":false,"sceneViewState":{"showFog":true,"showMaterialUpdate":false,"showSkybox":false,"showFlares":true,"showImageEffects":true,"showParticleSystems":true},"in2DMode":false,"pivot":{"x":596.3351440429688,"y":235.96434020996095,"z":58.8218994140625},"rotation":{"x":0.0041903783567249779,"y":-0.0009026813204400241,"z":-0.0000038189887163753159,"w":-0.9999904632568359},"size":142.51492309570313,"orthographic":false}